prisoner number,BOX number,BOX slip number,Result
85,NA,NA,IN
85,9,45,NA
85,45,41,NA
85,41,33,NA
85,33,67,NA
85,67,97,NA
85,97,6,NA
85,6,74,NA
85,74,25,NA
85,25,60,NA
85,60,9,NA
85,NA,NA,LoopEnd
18,NA,NA,IN
18,13,19,NA
18,19,46,NA
18,46,32,NA
18,32,20,NA
18,20,43,NA
18,43,54,NA
18,54,58,NA
18,58,11,NA
18,11,7,NA
18,7,1,NA
18,1,27,NA
18,27,94,NA
18,94,38,NA
18,38,78,NA
18,78,4,NA
18,4,98,NA
18,98,65,NA
18,65,72,NA
18,72,2,NA
18,2,82,NA
18,82,99,NA
18,99,15,NA
18,15,49,NA
18,49,29,NA
18,29,79,NA
18,79,35,NA
18,35,77,NA
18,77,80,NA
18,80,12,NA
18,12,91,NA
18,91,13,NA
18,NA,NA,LoopEnd
72,NA,NA,IN
72,97,6,NA
72,6,74,NA
72,74,25,NA
72,25,60,NA
72,60,9,NA
72,9,45,NA
72,45,41,NA
72,41,33,NA
72,33,67,NA
72,67,97,NA
72,NA,NA,LoopEnd
60,NA,NA,IN
60,36,84,NA
60,84,52,NA
60,52,73,NA
60,73,3,NA
60,3,89,NA
60,89,47,NA
60,47,28,NA
60,28,93,NA
60,93,87,NA
60,87,70,NA
60,70,81,NA
60,81,53,NA
60,53,92,NA
60,92,59,NA
60,59,5,NA
60,5,68,NA
60,68,42,NA
60,42,69,NA
60,69,44,NA
60,44,37,NA
60,37,39,NA
60,39,16,NA
60,16,8,NA
60,8,0,NA
60,0,14,NA
60,14,76,NA
60,76,71,NA
60,71,95,NA
60,95,62,NA
60,62,51,NA
60,51,23,NA
60,23,24,NA
60,24,57,NA
60,57,21,NA
60,21,55,NA
60,55,85,NA
60,85,75,NA
60,75,88,NA
60,88,22,NA
60,22,30,NA
60,30,96,NA
60,96,86,NA
60,86,34,NA
60,34,36,NA
60,NA,NA,LoopEnd
29,NA,NA,IN
29,41,33,NA
29,33,67,NA
29,67,97,NA
29,97,6,NA
29,6,74,NA
29,74,25,NA
29,25,60,NA
29,60,9,NA
29,9,45,NA
29,45,41,NA
29,NA,NA,LoopEnd
24,NA,NA,IN
24,98,65,NA
24,65,72,NA
24,72,2,NA
24,2,82,NA
24,82,99,NA
24,99,15,NA
24,15,49,NA
24,49,29,NA
24,29,79,NA
24,79,35,NA
24,35,77,NA
24,77,80,NA
24,80,12,NA
24,12,91,NA
24,91,13,NA
24,13,19,NA
24,19,46,NA
24,46,32,NA
24,32,20,NA
24,20,43,NA
24,43,54,NA
24,54,58,NA
24,58,11,NA
24,11,7,NA
24,7,1,NA
24,1,27,NA
24,27,94,NA
24,94,38,NA
24,38,78,NA
24,78,4,NA
24,4,98,NA
24,NA,NA,LoopEnd
40,NA,NA,IN
40,42,69,NA
40,69,44,NA
40,44,37,NA
40,37,39,NA
40,39,16,NA
40,16,8,NA
40,8,0,NA
40,0,14,NA
40,14,76,NA
40,76,71,NA
40,71,95,NA
40,95,62,NA
40,62,51,NA
40,51,23,NA
40,23,24,NA
40,24,57,NA
40,57,21,NA
40,21,55,NA
40,55,85,NA
40,85,75,NA
40,75,88,NA
40,88,22,NA
40,22,30,NA
40,30,96,NA
40,96,86,NA
40,86,34,NA
40,34,36,NA
40,36,84,NA
40,84,52,NA
40,52,73,NA
40,73,3,NA
40,3,89,NA
40,89,47,NA
40,47,28,NA
40,28,93,NA
40,93,87,NA
40,87,70,NA
40,70,81,NA
40,81,53,NA
40,53,92,NA
40,92,59,NA
40,59,5,NA
40,5,68,NA
40,68,42,NA
40,NA,NA,LoopEnd
2,NA,NA,IN
2,31,61,NA
2,61,10,NA
2,10,64,NA
2,64,83,NA
2,83,66,NA
2,66,18,NA
2,18,40,NA
2,40,63,NA
2,63,31,NA
2,NA,NA,LoopEnd
1,NA,NA,IN
1,76,71,NA
1,71,95,NA
1,95,62,NA
1,62,51,NA
1,51,23,NA
1,23,24,NA
1,24,57,NA
1,57,21,NA
1,21,55,NA
1,55,85,NA
1,85,75,NA
1,75,88,NA
1,88,22,NA
1,22,30,NA
1,30,96,NA
1,96,86,NA
1,86,34,NA
1,34,36,NA
1,36,84,NA
1,84,52,NA
1,52,73,NA
1,73,3,NA
1,3,89,NA
1,89,47,NA
1,47,28,NA
1,28,93,NA
1,93,87,NA
1,87,70,NA
1,70,81,NA
1,81,53,NA
1,53,92,NA
1,92,59,NA
1,59,5,NA
1,5,68,NA
1,68,42,NA
1,42,69,NA
1,69,44,NA
1,44,37,NA
1,37,39,NA
1,39,16,NA
1,16,8,NA
1,8,0,NA
1,0,14,NA
1,14,76,NA
1,NA,NA,LoopEnd
34,NA,NA,IN
34,49,29,NA
34,29,79,NA
34,79,35,NA
34,35,77,NA
34,77,80,NA
34,80,12,NA
34,12,91,NA
34,91,13,NA
34,13,19,NA
34,19,46,NA
34,46,32,NA
34,32,20,NA
34,20,43,NA
34,43,54,NA
34,54,58,NA
34,58,11,NA
34,11,7,NA
34,7,1,NA
34,1,27,NA
34,27,94,NA
34,94,38,NA
34,38,78,NA
34,78,4,NA
34,4,98,NA
34,98,65,NA
34,65,72,NA
34,72,2,NA
34,2,82,NA
34,82,99,NA
34,99,15,NA
34,15,49,NA
34,NA,NA,LoopEnd
73,NA,NA,IN
73,25,60,NA
73,60,9,NA
73,9,45,NA
73,45,41,NA
73,41,33,NA
73,33,67,NA
73,67,97,NA
73,97,6,NA
73,6,74,NA
73,74,25,NA
73,NA,NA,LoopEnd
50,NA,NA,IN
50,92,59,NA
50,59,5,NA
50,5,68,NA
50,68,42,NA
50,42,69,NA
50,69,44,NA
50,44,37,NA
50,37,39,NA
50,39,16,NA
50,16,8,NA
50,8,0,NA
50,0,14,NA
50,14,76,NA
50,76,71,NA
50,71,95,NA
50,95,62,NA
50,62,51,NA
50,51,23,NA
50,23,24,NA
50,24,57,NA
50,57,21,NA
50,21,55,NA
50,55,85,NA
50,85,75,NA
50,75,88,NA
50,88,22,NA
50,22,30,NA
50,30,96,NA
50,96,86,NA
50,86,34,NA
50,34,36,NA
50,36,84,NA
50,84,52,NA
50,52,73,NA
50,73,3,NA
50,3,89,NA
50,89,47,NA
50,47,28,NA
50,28,93,NA
50,93,87,NA
50,87,70,NA
50,70,81,NA
50,81,53,NA
50,53,92,NA
50,NA,NA,LoopEnd
45,NA,NA,IN
45,24,57,NA
45,57,21,NA
45,21,55,NA
45,55,85,NA
45,85,75,NA
45,75,88,NA
45,88,22,NA
45,22,30,NA
45,30,96,NA
45,96,86,NA
45,86,34,NA
45,34,36,NA
45,36,84,NA
45,84,52,NA
45,52,73,NA
45,73,3,NA
45,3,89,NA
45,89,47,NA
45,47,28,NA
45,28,93,NA
45,93,87,NA
45,87,70,NA
45,70,81,NA
45,81,53,NA
45,53,92,NA
45,92,59,NA
45,59,5,NA
45,5,68,NA
45,68,42,NA
45,42,69,NA
45,69,44,NA
45,44,37,NA
45,37,39,NA
45,39,16,NA
45,16,8,NA
45,8,0,NA
45,0,14,NA
45,14,76,NA
45,76,71,NA
45,71,95,NA
45,95,62,NA
45,62,51,NA
45,51,23,NA
45,23,24,NA
45,NA,NA,LoopEnd
51,NA,NA,IN
51,31,61,NA
51,61,10,NA
51,10,64,NA
51,64,83,NA
51,83,66,NA
51,66,18,NA
51,18,40,NA
51,40,63,NA
51,63,31,NA
51,NA,NA,LoopEnd
39,NA,NA,IN
39,22,30,NA
39,30,96,NA
39,96,86,NA
39,86,34,NA
39,34,36,NA
39,36,84,NA
39,84,52,NA
39,52,73,NA
39,73,3,NA
39,3,89,NA
39,89,47,NA
39,47,28,NA
39,28,93,NA
39,93,87,NA
39,87,70,NA
39,70,81,NA
39,81,53,NA
39,53,92,NA
39,92,59,NA
39,59,5,NA
39,5,68,NA
39,68,42,NA
39,42,69,NA
39,69,44,NA
39,44,37,NA
39,37,39,OUT
0,NA,NA,IN
0,41,33,NA
0,33,67,NA
0,67,97,NA
0,97,6,NA
0,6,74,NA
0,74,25,NA
0,25,60,NA
0,60,9,NA
0,9,45,NA
0,45,41,NA
0,NA,NA,LoopEnd
59,NA,NA,IN
59,64,83,NA
59,83,66,NA
59,66,18,NA
59,18,40,NA
59,40,63,NA
59,63,31,NA
59,31,61,NA
59,61,10,NA
59,10,64,NA
59,NA,NA,LoopEnd
54,NA,NA,IN
54,36,84,NA
54,84,52,NA
54,52,73,NA
54,73,3,NA
54,3,89,NA
54,89,47,NA
54,47,28,NA
54,28,93,NA
54,93,87,NA
54,87,70,NA
54,70,81,NA
54,81,53,NA
54,53,92,NA
54,92,59,NA
54,59,5,NA
54,5,68,NA
54,68,42,NA
54,42,69,NA
54,69,44,NA
54,44,37,NA
54,37,39,NA
54,39,16,NA
54,16,8,NA
54,8,0,NA
54,0,14,NA
54,14,76,NA
54,76,71,NA
54,71,95,NA
54,95,62,NA
54,62,51,NA
54,51,23,NA
54,23,24,NA
54,24,57,NA
54,57,21,NA
54,21,55,NA
54,55,85,NA
54,85,75,NA
54,75,88,NA
54,88,22,NA
54,22,30,NA
54,30,96,NA
54,96,86,NA
54,86,34,NA
54,34,36,NA
54,NA,NA,LoopEnd
81,NA,NA,IN
81,9,45,NA
81,45,41,NA
81,41,33,NA
81,33,67,NA
81,67,97,NA
81,97,6,NA
81,6,74,NA
81,74,25,NA
81,25,60,NA
81,60,9,NA
81,NA,NA,LoopEnd
58,NA,NA,IN
58,66,18,NA
58,18,40,NA
58,40,63,NA
58,63,31,NA
58,31,61,NA
58,61,10,NA
58,10,64,NA
58,64,83,NA
58,83,66,NA
58,NA,NA,LoopEnd
13,NA,NA,IN
13,96,86,NA
13,86,34,NA
13,34,36,NA
13,36,84,NA
13,84,52,NA
13,52,73,NA
13,73,3,NA
13,3,89,NA
13,89,47,NA
13,47,28,NA
13,28,93,NA
13,93,87,NA
13,87,70,NA
13,70,81,NA
13,81,53,NA
13,53,92,NA
13,92,59,NA
13,59,5,NA
13,5,68,NA
13,68,42,NA
13,42,69,NA
13,69,44,NA
13,44,37,NA
13,37,39,NA
13,39,16,NA
13,16,8,NA
13,8,0,NA
13,0,14,NA
13,14,76,NA
13,76,71,NA
13,71,95,NA
13,95,62,NA
13,62,51,NA
13,51,23,NA
13,23,24,NA
13,24,57,NA
13,57,21,NA
13,21,55,NA
13,55,85,NA
13,85,75,NA
13,75,88,NA
13,88,22,NA
13,22,30,NA
13,30,96,NA
13,NA,NA,LoopEnd
86,NA,NA,IN
86,40,63,NA
86,63,31,NA
86,31,61,NA
86,61,10,NA
86,10,64,NA
86,64,83,NA
86,83,66,NA
86,66,18,NA
86,18,40,NA
86,NA,NA,LoopEnd
74,NA,NA,IN
74,46,32,NA
74,32,20,NA
74,20,43,NA
74,43,54,NA
74,54,58,NA
74,58,11,NA
74,11,7,NA
74,7,1,NA
74,1,27,NA
74,27,94,NA
74,94,38,NA
74,38,78,NA
74,78,4,NA
74,4,98,NA
74,98,65,NA
74,65,72,NA
74,72,2,NA
74,2,82,NA
74,82,99,NA
74,99,15,NA
74,15,49,NA
74,49,29,NA
74,29,79,NA
74,79,35,NA
74,35,77,NA
74,77,80,NA
74,80,12,NA
74,12,91,NA
74,91,13,NA
74,13,19,NA
74,19,46,NA
74,NA,NA,LoopEnd
17,NA,NA,IN
17,82,99,NA
17,99,15,NA
17,15,49,NA
17,49,29,NA
17,29,79,NA
17,79,35,NA
17,35,77,NA
17,77,80,NA
17,80,12,NA
17,12,91,NA
17,91,13,NA
17,13,19,NA
17,19,46,NA
17,46,32,NA
17,32,20,NA
17,20,43,NA
17,43,54,NA
17,54,58,NA
17,58,11,NA
17,11,7,NA
17,7,1,NA
17,1,27,NA
17,27,94,NA
17,94,38,NA
17,38,78,NA
17,78,4,NA
17,4,98,NA
17,98,65,NA
17,65,72,NA
17,72,2,NA
17,2,82,NA
17,NA,NA,LoopEnd
21,NA,NA,IN
21,22,30,NA
21,30,96,NA
21,96,86,NA
21,86,34,NA
21,34,36,NA
21,36,84,NA
21,84,52,NA
21,52,73,NA
21,73,3,NA
21,3,89,NA
21,89,47,NA
21,47,28,NA
21,28,93,NA
21,93,87,NA
21,87,70,NA
21,70,81,NA
21,81,53,NA
21,53,92,NA
21,92,59,NA
21,59,5,NA
21,5,68,NA
21,68,42,NA
21,42,69,NA
21,69,44,NA
21,44,37,NA
21,37,39,NA
21,39,16,NA
21,16,8,NA
21,8,0,NA
21,0,14,NA
21,14,76,NA
21,76,71,NA
21,71,95,NA
21,95,62,NA
21,62,51,NA
21,51,23,NA
21,23,24,NA
21,24,57,NA
21,57,21,OUT
14,NA,NA,IN
14,28,93,NA
14,93,87,NA
14,87,70,NA
14,70,81,NA
14,81,53,NA
14,53,92,NA
14,92,59,NA
14,59,5,NA
14,5,68,NA
14,68,42,NA
14,42,69,NA
14,69,44,NA
14,44,37,NA
14,37,39,NA
14,39,16,NA
14,16,8,NA
14,8,0,NA
14,0,14,OUT
3,NA,NA,IN
3,95,62,NA
3,62,51,NA
3,51,23,NA
3,23,24,NA
3,24,57,NA
3,57,21,NA
3,21,55,NA
3,55,85,NA
3,85,75,NA
3,75,88,NA
3,88,22,NA
3,22,30,NA
3,30,96,NA
3,96,86,NA
3,86,34,NA
3,34,36,NA
3,36,84,NA
3,84,52,NA
3,52,73,NA
3,73,3,OUT
76,NA,NA,IN
76,95,62,NA
76,62,51,NA
76,51,23,NA
76,23,24,NA
76,24,57,NA
76,57,21,NA
76,21,55,NA
76,55,85,NA
76,85,75,NA
76,75,88,NA
76,88,22,NA
76,22,30,NA
76,30,96,NA
76,96,86,NA
76,86,34,NA
76,34,36,NA
76,36,84,NA
76,84,52,NA
76,52,73,NA
76,73,3,NA
76,3,89,NA
76,89,47,NA
76,47,28,NA
76,28,93,NA
76,93,87,NA
76,87,70,NA
76,70,81,NA
76,81,53,NA
76,53,92,NA
76,92,59,NA
76,59,5,NA
76,5,68,NA
76,68,42,NA
76,42,69,NA
76,69,44,NA
76,44,37,NA
76,37,39,NA
76,39,16,NA
76,16,8,NA
76,8,0,NA
76,0,14,NA
76,14,76,OUT
15,NA,NA,IN
15,92,59,NA
15,59,5,NA
15,5,68,NA
15,68,42,NA
15,42,69,NA
15,69,44,NA
15,44,37,NA
15,37,39,NA
15,39,16,NA
15,16,8,NA
15,8,0,NA
15,0,14,NA
15,14,76,NA
15,76,71,NA
15,71,95,NA
15,95,62,NA
15,62,51,NA
15,51,23,NA
15,23,24,NA
15,24,57,NA
15,57,21,NA
15,21,55,NA
15,55,85,NA
15,85,75,NA
15,75,88,NA
15,88,22,NA
15,22,30,NA
15,30,96,NA
15,96,86,NA
15,86,34,NA
15,34,36,NA
15,36,84,NA
15,84,52,NA
15,52,73,NA
15,73,3,NA
15,3,89,NA
15,89,47,NA
15,47,28,NA
15,28,93,NA
15,93,87,NA
15,87,70,NA
15,70,81,NA
15,81,53,NA
15,53,92,NA
15,NA,NA,LoopEnd
47,NA,NA,IN
47,33,67,NA
47,67,97,NA
47,97,6,NA
47,6,74,NA
47,74,25,NA
47,25,60,NA
47,60,9,NA
47,9,45,NA
47,45,41,NA
47,41,33,NA
47,NA,NA,LoopEnd
10,NA,NA,IN
10,70,81,NA
10,81,53,NA
10,53,92,NA
10,92,59,NA
10,59,5,NA
10,5,68,NA
10,68,42,NA
10,42,69,NA
10,69,44,NA
10,44,37,NA
10,37,39,NA
10,39,16,NA
10,16,8,NA
10,8,0,NA
10,0,14,NA
10,14,76,NA
10,76,71,NA
10,71,95,NA
10,95,62,NA
10,62,51,NA
10,51,23,NA
10,23,24,NA
10,24,57,NA
10,57,21,NA
10,21,55,NA
10,55,85,NA
10,85,75,NA
10,75,88,NA
10,88,22,NA
10,22,30,NA
10,30,96,NA
10,96,86,NA
10,86,34,NA
10,34,36,NA
10,36,84,NA
10,84,52,NA
10,52,73,NA
10,73,3,NA
10,3,89,NA
10,89,47,NA
10,47,28,NA
10,28,93,NA
10,93,87,NA
10,87,70,NA
10,NA,NA,LoopEnd
27,NA,NA,IN
27,40,63,NA
27,63,31,NA
27,31,61,NA
27,61,10,NA
27,10,64,NA
27,64,83,NA
27,83,66,NA
27,66,18,NA
27,18,40,NA
27,NA,NA,LoopEnd
33,NA,NA,IN
33,10,64,NA
33,64,83,NA
33,83,66,NA
33,66,18,NA
33,18,40,NA
33,40,63,NA
33,63,31,NA
33,31,61,NA
33,61,10,NA
33,NA,NA,LoopEnd
93,NA,NA,IN
93,46,32,NA
93,32,20,NA
93,20,43,NA
93,43,54,NA
93,54,58,NA
93,58,11,NA
93,11,7,NA
93,7,1,NA
93,1,27,NA
93,27,94,NA
93,94,38,NA
93,38,78,NA
93,78,4,NA
93,4,98,NA
93,98,65,NA
93,65,72,NA
93,72,2,NA
93,2,82,NA
93,82,99,NA
93,99,15,NA
93,15,49,NA
93,49,29,NA
93,29,79,NA
93,79,35,NA
93,35,77,NA
93,77,80,NA
93,80,12,NA
93,12,91,NA
93,91,13,NA
93,13,19,NA
93,19,46,NA
93,NA,NA,LoopEnd
88,NA,NA,IN
88,76,71,NA
88,71,95,NA
88,95,62,NA
88,62,51,NA
88,51,23,NA
88,23,24,NA
88,24,57,NA
88,57,21,NA
88,21,55,NA
88,55,85,NA
88,85,75,NA
88,75,88,OUT
78,NA,NA,IN
78,42,69,NA
78,69,44,NA
78,44,37,NA
78,37,39,NA
78,39,16,NA
78,16,8,NA
78,8,0,NA
78,0,14,NA
78,14,76,NA
78,76,71,NA
78,71,95,NA
78,95,62,NA
78,62,51,NA
78,51,23,NA
78,23,24,NA
78,24,57,NA
78,57,21,NA
78,21,55,NA
78,55,85,NA
78,85,75,NA
78,75,88,NA
78,88,22,NA
78,22,30,NA
78,30,96,NA
78,96,86,NA
78,86,34,NA
78,34,36,NA
78,36,84,NA
78,84,52,NA
78,52,73,NA
78,73,3,NA
78,3,89,NA
78,89,47,NA
78,47,28,NA
78,28,93,NA
78,93,87,NA
78,87,70,NA
78,70,81,NA
78,81,53,NA
78,53,92,NA
78,92,59,NA
78,59,5,NA
78,5,68,NA
78,68,42,NA
78,NA,NA,LoopEnd
22,NA,NA,IN
22,3,89,NA
22,89,47,NA
22,47,28,NA
22,28,93,NA
22,93,87,NA
22,87,70,NA
22,70,81,NA
22,81,53,NA
22,53,92,NA
22,92,59,NA
22,59,5,NA
22,5,68,NA
22,68,42,NA
22,42,69,NA
22,69,44,NA
22,44,37,NA
22,37,39,NA
22,39,16,NA
22,16,8,NA
22,8,0,NA
22,0,14,NA
22,14,76,NA
22,76,71,NA
22,71,95,NA
22,95,62,NA
22,62,51,NA
22,51,23,NA
22,23,24,NA
22,24,57,NA
22,57,21,NA
22,21,55,NA
22,55,85,NA
22,85,75,NA
22,75,88,NA
22,88,22,OUT
36,NA,NA,IN
36,2,82,NA
36,82,99,NA
36,99,15,NA
36,15,49,NA
36,49,29,NA
36,29,79,NA
36,79,35,NA
36,35,77,NA
36,77,80,NA
36,80,12,NA
36,12,91,NA
36,91,13,NA
36,13,19,NA
36,19,46,NA
36,46,32,NA
36,32,20,NA
36,20,43,NA
36,43,54,NA
36,54,58,NA
36,58,11,NA
36,11,7,NA
36,7,1,NA
36,1,27,NA
36,27,94,NA
36,94,38,NA
36,38,78,NA
36,78,4,NA
36,4,98,NA
36,98,65,NA
36,65,72,NA
36,72,2,NA
36,NA,NA,LoopEnd
41,NA,NA,IN
41,72,2,NA
41,2,82,NA
41,82,99,NA
41,99,15,NA
41,15,49,NA
41,49,29,NA
41,29,79,NA
41,79,35,NA
41,35,77,NA
41,77,80,NA
41,80,12,NA
41,12,91,NA
41,91,13,NA
41,13,19,NA
41,19,46,NA
41,46,32,NA
41,32,20,NA
41,20,43,NA
41,43,54,NA
41,54,58,NA
41,58,11,NA
41,11,7,NA
41,7,1,NA
41,1,27,NA
41,27,94,NA
41,94,38,NA
41,38,78,NA
41,78,4,NA
41,4,98,NA
41,98,65,NA
41,65,72,NA
41,NA,NA,LoopEnd
52,NA,NA,IN
52,49,29,NA
52,29,79,NA
52,79,35,NA
52,35,77,NA
52,77,80,NA
52,80,12,NA
52,12,91,NA
52,91,13,NA
52,13,19,NA
52,19,46,NA
52,46,32,NA
52,32,20,NA
52,20,43,NA
52,43,54,NA
52,54,58,NA
52,58,11,NA
52,11,7,NA
52,7,1,NA
52,1,27,NA
52,27,94,NA
52,94,38,NA
52,38,78,NA
52,78,4,NA
52,4,98,NA
52,98,65,NA
52,65,72,NA
52,72,2,NA
52,2,82,NA
52,82,99,NA
52,99,15,NA
52,15,49,NA
52,NA,NA,LoopEnd
79,NA,NA,IN
79,82,99,NA
79,99,15,NA
79,15,49,NA
79,49,29,NA
79,29,79,OUT
28,NA,NA,IN
28,76,71,NA
28,71,95,NA
28,95,62,NA
28,62,51,NA
28,51,23,NA
28,23,24,NA
28,24,57,NA
28,57,21,NA
28,21,55,NA
28,55,85,NA
28,85,75,NA
28,75,88,NA
28,88,22,NA
28,22,30,NA
28,30,96,NA
28,96,86,NA
28,86,34,NA
28,34,36,NA
28,36,84,NA
28,84,52,NA
28,52,73,NA
28,73,3,NA
28,3,89,NA
28,89,47,NA
28,47,28,OUT
97,NA,NA,IN
97,0,14,NA
97,14,76,NA
97,76,71,NA
97,71,95,NA
97,95,62,NA
97,62,51,NA
97,51,23,NA
97,23,24,NA
97,24,57,NA
97,57,21,NA
97,21,55,NA
97,55,85,NA
97,85,75,NA
97,75,88,NA
97,88,22,NA
97,22,30,NA
97,30,96,NA
97,96,86,NA
97,86,34,NA
97,34,36,NA
97,36,84,NA
97,84,52,NA
97,52,73,NA
97,73,3,NA
97,3,89,NA
97,89,47,NA
97,47,28,NA
97,28,93,NA
97,93,87,NA
97,87,70,NA
97,70,81,NA
97,81,53,NA
97,53,92,NA
97,92,59,NA
97,59,5,NA
97,5,68,NA
97,68,42,NA
97,42,69,NA
97,69,44,NA
97,44,37,NA
97,37,39,NA
97,39,16,NA
97,16,8,NA
97,8,0,NA
97,NA,NA,LoopEnd
56,NA,NA,IN
56,55,85,NA
56,85,75,NA
56,75,88,NA
56,88,22,NA
56,22,30,NA
56,30,96,NA
56,96,86,NA
56,86,34,NA
56,34,36,NA
56,36,84,NA
56,84,52,NA
56,52,73,NA
56,73,3,NA
56,3,89,NA
56,89,47,NA
56,47,28,NA
56,28,93,NA
56,93,87,NA
56,87,70,NA
56,70,81,NA
56,81,53,NA
56,53,92,NA
56,92,59,NA
56,59,5,NA
56,5,68,NA
56,68,42,NA
56,42,69,NA
56,69,44,NA
56,44,37,NA
56,37,39,NA
56,39,16,NA
56,16,8,NA
56,8,0,NA
56,0,14,NA
56,14,76,NA
56,76,71,NA
56,71,95,NA
56,95,62,NA
56,62,51,NA
56,51,23,NA
56,23,24,NA
56,24,57,NA
56,57,21,NA
56,21,55,NA
56,NA,NA,LoopEnd
38,NA,NA,IN
38,13,19,NA
38,19,46,NA
38,46,32,NA
38,32,20,NA
38,20,43,NA
38,43,54,NA
38,54,58,NA
38,58,11,NA
38,11,7,NA
38,7,1,NA
38,1,27,NA
38,27,94,NA
38,94,38,OUT
42,NA,NA,IN
42,99,15,NA
42,15,49,NA
42,49,29,NA
42,29,79,NA
42,79,35,NA
42,35,77,NA
42,77,80,NA
42,80,12,NA
42,12,91,NA
42,91,13,NA
42,13,19,NA
42,19,46,NA
42,46,32,NA
42,32,20,NA
42,20,43,NA
42,43,54,NA
42,54,58,NA
42,58,11,NA
42,11,7,NA
42,7,1,NA
42,1,27,NA
42,27,94,NA
42,94,38,NA
42,38,78,NA
42,78,4,NA
42,4,98,NA
42,98,65,NA
42,65,72,NA
42,72,2,NA
42,2,82,NA
42,82,99,NA
42,NA,NA,LoopEnd
77,NA,NA,IN
77,80,12,NA
77,12,91,NA
77,91,13,NA
77,13,19,NA
77,19,46,NA
77,46,32,NA
77,32,20,NA
77,20,43,NA
77,43,54,NA
77,54,58,NA
77,58,11,NA
77,11,7,NA
77,7,1,NA
77,1,27,NA
77,27,94,NA
77,94,38,NA
77,38,78,NA
77,78,4,NA
77,4,98,NA
77,98,65,NA
77,65,72,NA
77,72,2,NA
77,2,82,NA
77,82,99,NA
77,99,15,NA
77,15,49,NA
77,49,29,NA
77,29,79,NA
77,79,35,NA
77,35,77,OUT
70,NA,NA,IN
70,63,31,NA
70,31,61,NA
70,61,10,NA
70,10,64,NA
70,64,83,NA
70,83,66,NA
70,66,18,NA
70,18,40,NA
70,40,63,NA
70,NA,NA,LoopEnd
53,NA,NA,IN
53,37,39,NA
53,39,16,NA
53,16,8,NA
53,8,0,NA
53,0,14,NA
53,14,76,NA
53,76,71,NA
53,71,95,NA
53,95,62,NA
53,62,51,NA
53,51,23,NA
53,23,24,NA
53,24,57,NA
53,57,21,NA
53,21,55,NA
53,55,85,NA
53,85,75,NA
53,75,88,NA
53,88,22,NA
53,22,30,NA
53,30,96,NA
53,96,86,NA
53,86,34,NA
53,34,36,NA
53,36,84,NA
53,84,52,NA
53,52,73,NA
53,73,3,NA
53,3,89,NA
53,89,47,NA
53,47,28,NA
53,28,93,NA
53,93,87,NA
53,87,70,NA
53,70,81,NA
53,81,53,OUT
96,NA,NA,IN
96,54,58,NA
96,58,11,NA
96,11,7,NA
96,7,1,NA
96,1,27,NA
96,27,94,NA
96,94,38,NA
96,38,78,NA
96,78,4,NA
96,4,98,NA
96,98,65,NA
96,65,72,NA
96,72,2,NA
96,2,82,NA
96,82,99,NA
96,99,15,NA
96,15,49,NA
96,49,29,NA
96,29,79,NA
96,79,35,NA
96,35,77,NA
96,77,80,NA
96,80,12,NA
96,12,91,NA
96,91,13,NA
96,13,19,NA
96,19,46,NA
96,46,32,NA
96,32,20,NA
96,20,43,NA
96,43,54,NA
96,NA,NA,LoopEnd
31,NA,NA,IN
31,47,28,NA
31,28,93,NA
31,93,87,NA
31,87,70,NA
31,70,81,NA
31,81,53,NA
31,53,92,NA
31,92,59,NA
31,59,5,NA
31,5,68,NA
31,68,42,NA
31,42,69,NA
31,69,44,NA
31,44,37,NA
31,37,39,NA
31,39,16,NA
31,16,8,NA
31,8,0,NA
31,0,14,NA
31,14,76,NA
31,76,71,NA
31,71,95,NA
31,95,62,NA
31,62,51,NA
31,51,23,NA
31,23,24,NA
31,24,57,NA
31,57,21,NA
31,21,55,NA
31,55,85,NA
31,85,75,NA
31,75,88,NA
31,88,22,NA
31,22,30,NA
31,30,96,NA
31,96,86,NA
31,86,34,NA
31,34,36,NA
31,36,84,NA
31,84,52,NA
31,52,73,NA
31,73,3,NA
31,3,89,NA
31,89,47,NA
31,NA,NA,LoopEnd
98,NA,NA,IN
98,76,71,NA
98,71,95,NA
98,95,62,NA
98,62,51,NA
98,51,23,NA
98,23,24,NA
98,24,57,NA
98,57,21,NA
98,21,55,NA
98,55,85,NA
98,85,75,NA
98,75,88,NA
98,88,22,NA
98,22,30,NA
98,30,96,NA
98,96,86,NA
98,86,34,NA
98,34,36,NA
98,36,84,NA
98,84,52,NA
98,52,73,NA
98,73,3,NA
98,3,89,NA
98,89,47,NA
98,47,28,NA
98,28,93,NA
98,93,87,NA
98,87,70,NA
98,70,81,NA
98,81,53,NA
98,53,92,NA
98,92,59,NA
98,59,5,NA
98,5,68,NA
98,68,42,NA
98,42,69,NA
98,69,44,NA
98,44,37,NA
98,37,39,NA
98,39,16,NA
98,16,8,NA
98,8,0,NA
98,0,14,NA
98,14,76,NA
98,NA,NA,LoopEnd
19,NA,NA,IN
19,76,71,NA
19,71,95,NA
19,95,62,NA
19,62,51,NA
19,51,23,NA
19,23,24,NA
19,24,57,NA
19,57,21,NA
19,21,55,NA
19,55,85,NA
19,85,75,NA
19,75,88,NA
19,88,22,NA
19,22,30,NA
19,30,96,NA
19,96,86,NA
19,86,34,NA
19,34,36,NA
19,36,84,NA
19,84,52,NA
19,52,73,NA
19,73,3,NA
19,3,89,NA
19,89,47,NA
19,47,28,NA
19,28,93,NA
19,93,87,NA
19,87,70,NA
19,70,81,NA
19,81,53,NA
19,53,92,NA
19,92,59,NA
19,59,5,NA
19,5,68,NA
19,68,42,NA
19,42,69,NA
19,69,44,NA
19,44,37,NA
19,37,39,NA
19,39,16,NA
19,16,8,NA
19,8,0,NA
19,0,14,NA
19,14,76,NA
19,NA,NA,LoopEnd
89,NA,NA,IN
89,19,46,NA
89,46,32,NA
89,32,20,NA
89,20,43,NA
89,43,54,NA
89,54,58,NA
89,58,11,NA
89,11,7,NA
89,7,1,NA
89,1,27,NA
89,27,94,NA
89,94,38,NA
89,38,78,NA
89,78,4,NA
89,4,98,NA
89,98,65,NA
89,65,72,NA
89,72,2,NA
89,2,82,NA
89,82,99,NA
89,99,15,NA
89,15,49,NA
89,49,29,NA
89,29,79,NA
89,79,35,NA
89,35,77,NA
89,77,80,NA
89,80,12,NA
89,12,91,NA
89,91,13,NA
89,13,19,NA
89,NA,NA,LoopEnd
16,NA,NA,IN
16,58,11,NA
16,11,7,NA
16,7,1,NA
16,1,27,NA
16,27,94,NA
16,94,38,NA
16,38,78,NA
16,78,4,NA
16,4,98,NA
16,98,65,NA
16,65,72,NA
16,72,2,NA
16,2,82,NA
16,82,99,NA
16,99,15,NA
16,15,49,NA
16,49,29,NA
16,29,79,NA
16,79,35,NA
16,35,77,NA
16,77,80,NA
16,80,12,NA
16,12,91,NA
16,91,13,NA
16,13,19,NA
16,19,46,NA
16,46,32,NA
16,32,20,NA
16,20,43,NA
16,43,54,NA
16,54,58,NA
16,NA,NA,LoopEnd
35,NA,NA,IN
35,33,67,NA
35,67,97,NA
35,97,6,NA
35,6,74,NA
35,74,25,NA
35,25,60,NA
35,60,9,NA
35,9,45,NA
35,45,41,NA
35,41,33,NA
35,NA,NA,LoopEnd
91,NA,NA,IN
91,30,96,NA
91,96,86,NA
91,86,34,NA
91,34,36,NA
91,36,84,NA
91,84,52,NA
91,52,73,NA
91,73,3,NA
91,3,89,NA
91,89,47,NA
91,47,28,NA
91,28,93,NA
91,93,87,NA
91,87,70,NA
91,70,81,NA
91,81,53,NA
91,53,92,NA
91,92,59,NA
91,59,5,NA
91,5,68,NA
91,68,42,NA
91,42,69,NA
91,69,44,NA
91,44,37,NA
91,37,39,NA
91,39,16,NA
91,16,8,NA
91,8,0,NA
91,0,14,NA
91,14,76,NA
91,76,71,NA
91,71,95,NA
91,95,62,NA
91,62,51,NA
91,51,23,NA
91,23,24,NA
91,24,57,NA
91,57,21,NA
91,21,55,NA
91,55,85,NA
91,85,75,NA
91,75,88,NA
91,88,22,NA
91,22,30,NA
91,NA,NA,LoopEnd
5,NA,NA,IN
5,41,33,NA
5,33,67,NA
5,67,97,NA
5,97,6,NA
5,6,74,NA
5,74,25,NA
5,25,60,NA
5,60,9,NA
5,9,45,NA
5,45,41,NA
5,NA,NA,LoopEnd
67,NA,NA,IN
67,62,51,NA
67,51,23,NA
67,23,24,NA
67,24,57,NA
67,57,21,NA
67,21,55,NA
67,55,85,NA
67,85,75,NA
67,75,88,NA
67,88,22,NA
67,22,30,NA
67,30,96,NA
67,96,86,NA
67,86,34,NA
67,34,36,NA
67,36,84,NA
67,84,52,NA
67,52,73,NA
67,73,3,NA
67,3,89,NA
67,89,47,NA
67,47,28,NA
67,28,93,NA
67,93,87,NA
67,87,70,NA
67,70,81,NA
67,81,53,NA
67,53,92,NA
67,92,59,NA
67,59,5,NA
67,5,68,NA
67,68,42,NA
67,42,69,NA
67,69,44,NA
67,44,37,NA
67,37,39,NA
67,39,16,NA
67,16,8,NA
67,8,0,NA
67,0,14,NA
67,14,76,NA
67,76,71,NA
67,71,95,NA
67,95,62,NA
67,NA,NA,LoopEnd
26,NA,NA,IN
26,79,35,NA
26,35,77,NA
26,77,80,NA
26,80,12,NA
26,12,91,NA
26,91,13,NA
26,13,19,NA
26,19,46,NA
26,46,32,NA
26,32,20,NA
26,20,43,NA
26,43,54,NA
26,54,58,NA
26,58,11,NA
26,11,7,NA
26,7,1,NA
26,1,27,NA
26,27,94,NA
26,94,38,NA
26,38,78,NA
26,78,4,NA
26,4,98,NA
26,98,65,NA
26,65,72,NA
26,72,2,NA
26,2,82,NA
26,82,99,NA
26,99,15,NA
26,15,49,NA
26,49,29,NA
26,29,79,NA
26,NA,NA,LoopEnd
87,NA,NA,IN
87,54,58,NA
87,58,11,NA
87,11,7,NA
87,7,1,NA
87,1,27,NA
87,27,94,NA
87,94,38,NA
87,38,78,NA
87,78,4,NA
87,4,98,NA
87,98,65,NA
87,65,72,NA
87,72,2,NA
87,2,82,NA
87,82,99,NA
87,99,15,NA
87,15,49,NA
87,49,29,NA
87,29,79,NA
87,79,35,NA
87,35,77,NA
87,77,80,NA
87,80,12,NA
87,12,91,NA
87,91,13,NA
87,13,19,NA
87,19,46,NA
87,46,32,NA
87,32,20,NA
87,20,43,NA
87,43,54,NA
87,NA,NA,LoopEnd
23,NA,NA,IN
23,11,7,NA
23,7,1,NA
23,1,27,NA
23,27,94,NA
23,94,38,NA
23,38,78,NA
23,78,4,NA
23,4,98,NA
23,98,65,NA
23,65,72,NA
23,72,2,NA
23,2,82,NA
23,82,99,NA
23,99,15,NA
23,15,49,NA
23,49,29,NA
23,29,79,NA
23,79,35,NA
23,35,77,NA
23,77,80,NA
23,80,12,NA
23,12,91,NA
23,91,13,NA
23,13,19,NA
23,19,46,NA
23,46,32,NA
23,32,20,NA
23,20,43,NA
23,43,54,NA
23,54,58,NA
23,58,11,NA
23,NA,NA,LoopEnd
66,NA,NA,IN
66,80,12,NA
66,12,91,NA
66,91,13,NA
66,13,19,NA
66,19,46,NA
66,46,32,NA
66,32,20,NA
66,20,43,NA
66,43,54,NA
66,54,58,NA
66,58,11,NA
66,11,7,NA
66,7,1,NA
66,1,27,NA
66,27,94,NA
66,94,38,NA
66,38,78,NA
66,78,4,NA
66,4,98,NA
66,98,65,NA
66,65,72,NA
66,72,2,NA
66,2,82,NA
66,82,99,NA
66,99,15,NA
66,15,49,NA
66,49,29,NA
66,29,79,NA
66,79,35,NA
66,35,77,NA
66,77,80,NA
66,NA,NA,LoopEnd
55,NA,NA,IN
55,22,30,NA
55,30,96,NA
55,96,86,NA
55,86,34,NA
55,34,36,NA
55,36,84,NA
55,84,52,NA
55,52,73,NA
55,73,3,NA
55,3,89,NA
55,89,47,NA
55,47,28,NA
55,28,93,NA
55,93,87,NA
55,87,70,NA
55,70,81,NA
55,81,53,NA
55,53,92,NA
55,92,59,NA
55,59,5,NA
55,5,68,NA
55,68,42,NA
55,42,69,NA
55,69,44,NA
55,44,37,NA
55,37,39,NA
55,39,16,NA
55,16,8,NA
55,8,0,NA
55,0,14,NA
55,14,76,NA
55,76,71,NA
55,71,95,NA
55,95,62,NA
55,62,51,NA
55,51,23,NA
55,23,24,NA
55,24,57,NA
55,57,21,NA
55,21,55,OUT
68,NA,NA,IN
68,51,23,NA
68,23,24,NA
68,24,57,NA
68,57,21,NA
68,21,55,NA
68,55,85,NA
68,85,75,NA
68,75,88,NA
68,88,22,NA
68,22,30,NA
68,30,96,NA
68,96,86,NA
68,86,34,NA
68,34,36,NA
68,36,84,NA
68,84,52,NA
68,52,73,NA
68,73,3,NA
68,3,89,NA
68,89,47,NA
68,47,28,NA
68,28,93,NA
68,93,87,NA
68,87,70,NA
68,70,81,NA
68,81,53,NA
68,53,92,NA
68,92,59,NA
68,59,5,NA
68,5,68,OUT
32,NA,NA,IN
32,45,41,NA
32,41,33,NA
32,33,67,NA
32,67,97,NA
32,97,6,NA
32,6,74,NA
32,74,25,NA
32,25,60,NA
32,60,9,NA
32,9,45,NA
32,NA,NA,LoopEnd
99,NA,NA,IN
99,34,36,NA
99,36,84,NA
99,84,52,NA
99,52,73,NA
99,73,3,NA
99,3,89,NA
99,89,47,NA
99,47,28,NA
99,28,93,NA
99,93,87,NA
99,87,70,NA
99,70,81,NA
99,81,53,NA
99,53,92,NA
99,92,59,NA
99,59,5,NA
99,5,68,NA
99,68,42,NA
99,42,69,NA
99,69,44,NA
99,44,37,NA
99,37,39,NA
99,39,16,NA
99,16,8,NA
99,8,0,NA
99,0,14,NA
99,14,76,NA
99,76,71,NA
99,71,95,NA
99,95,62,NA
99,62,51,NA
99,51,23,NA
99,23,24,NA
99,24,57,NA
99,57,21,NA
99,21,55,NA
99,55,85,NA
99,85,75,NA
99,75,88,NA
99,88,22,NA
99,22,30,NA
99,30,96,NA
99,96,86,NA
99,86,34,NA
99,NA,NA,LoopEnd
25,NA,NA,IN
25,6,74,NA
25,74,25,OUT
65,NA,NA,IN
65,42,69,NA
65,69,44,NA
65,44,37,NA
65,37,39,NA
65,39,16,NA
65,16,8,NA
65,8,0,NA
65,0,14,NA
65,14,76,NA
65,76,71,NA
65,71,95,NA
65,95,62,NA
65,62,51,NA
65,51,23,NA
65,23,24,NA
65,24,57,NA
65,57,21,NA
65,21,55,NA
65,55,85,NA
65,85,75,NA
65,75,88,NA
65,88,22,NA
65,22,30,NA
65,30,96,NA
65,96,86,NA
65,86,34,NA
65,34,36,NA
65,36,84,NA
65,84,52,NA
65,52,73,NA
65,73,3,NA
65,3,89,NA
65,89,47,NA
65,47,28,NA
65,28,93,NA
65,93,87,NA
65,87,70,NA
65,70,81,NA
65,81,53,NA
65,53,92,NA
65,92,59,NA
65,59,5,NA
65,5,68,NA
65,68,42,NA
65,NA,NA,LoopEnd
20,NA,NA,IN
20,14,76,NA
20,76,71,NA
20,71,95,NA
20,95,62,NA
20,62,51,NA
20,51,23,NA
20,23,24,NA
20,24,57,NA
20,57,21,NA
20,21,55,NA
20,55,85,NA
20,85,75,NA
20,75,88,NA
20,88,22,NA
20,22,30,NA
20,30,96,NA
20,96,86,NA
20,86,34,NA
20,34,36,NA
20,36,84,NA
20,84,52,NA
20,52,73,NA
20,73,3,NA
20,3,89,NA
20,89,47,NA
20,47,28,NA
20,28,93,NA
20,93,87,NA
20,87,70,NA
20,70,81,NA
20,81,53,NA
20,53,92,NA
20,92,59,NA
20,59,5,NA
20,5,68,NA
20,68,42,NA
20,42,69,NA
20,69,44,NA
20,44,37,NA
20,37,39,NA
20,39,16,NA
20,16,8,NA
20,8,0,NA
20,0,14,NA
20,NA,NA,LoopEnd
6,NA,NA,IN
6,17,56,NA
6,56,48,NA
6,48,90,NA
6,90,26,NA
6,26,17,NA
6,NA,NA,LoopEnd
30,NA,NA,IN
30,36,84,NA
30,84,52,NA
30,52,73,NA
30,73,3,NA
30,3,89,NA
30,89,47,NA
30,47,28,NA
30,28,93,NA
30,93,87,NA
30,87,70,NA
30,70,81,NA
30,81,53,NA
30,53,92,NA
30,92,59,NA
30,59,5,NA
30,5,68,NA
30,68,42,NA
30,42,69,NA
30,69,44,NA
30,44,37,NA
30,37,39,NA
30,39,16,NA
30,16,8,NA
30,8,0,NA
30,0,14,NA
30,14,76,NA
30,76,71,NA
30,71,95,NA
30,95,62,NA
30,62,51,NA
30,51,23,NA
30,23,24,NA
30,24,57,NA
30,57,21,NA
30,21,55,NA
30,55,85,NA
30,85,75,NA
30,75,88,NA
30,88,22,NA
30,22,30,OUT
82,NA,NA,IN
82,86,34,NA
82,34,36,NA
82,36,84,NA
82,84,52,NA
82,52,73,NA
82,73,3,NA
82,3,89,NA
82,89,47,NA
82,47,28,NA
82,28,93,NA
82,93,87,NA
82,87,70,NA
82,70,81,NA
82,81,53,NA
82,53,92,NA
82,92,59,NA
82,59,5,NA
82,5,68,NA
82,68,42,NA
82,42,69,NA
82,69,44,NA
82,44,37,NA
82,37,39,NA
82,39,16,NA
82,16,8,NA
82,8,0,NA
82,0,14,NA
82,14,76,NA
82,76,71,NA
82,71,95,NA
82,95,62,NA
82,62,51,NA
82,51,23,NA
82,23,24,NA
82,24,57,NA
82,57,21,NA
82,21,55,NA
82,55,85,NA
82,85,75,NA
82,75,88,NA
82,88,22,NA
82,22,30,NA
82,30,96,NA
82,96,86,NA
82,NA,NA,LoopEnd
37,NA,NA,IN
37,18,40,NA
37,40,63,NA
37,63,31,NA
37,31,61,NA
37,61,10,NA
37,10,64,NA
37,64,83,NA
37,83,66,NA
37,66,18,NA
37,NA,NA,LoopEnd
57,NA,NA,IN
57,32,20,NA
57,20,43,NA
57,43,54,NA
57,54,58,NA
57,58,11,NA
57,11,7,NA
57,7,1,NA
57,1,27,NA
57,27,94,NA
57,94,38,NA
57,38,78,NA
57,78,4,NA
57,4,98,NA
57,98,65,NA
57,65,72,NA
57,72,2,NA
57,2,82,NA
57,82,99,NA
57,99,15,NA
57,15,49,NA
57,49,29,NA
57,29,79,NA
57,79,35,NA
57,35,77,NA
57,77,80,NA
57,80,12,NA
57,12,91,NA
57,91,13,NA
57,13,19,NA
57,19,46,NA
57,46,32,NA
57,NA,NA,LoopEnd
90,NA,NA,IN
90,52,73,NA
90,73,3,NA
90,3,89,NA
90,89,47,NA
90,47,28,NA
90,28,93,NA
90,93,87,NA
90,87,70,NA
90,70,81,NA
90,81,53,NA
90,53,92,NA
90,92,59,NA
90,59,5,NA
90,5,68,NA
90,68,42,NA
90,42,69,NA
90,69,44,NA
90,44,37,NA
90,37,39,NA
90,39,16,NA
90,16,8,NA
90,8,0,NA
90,0,14,NA
90,14,76,NA
90,76,71,NA
90,71,95,NA
90,95,62,NA
90,62,51,NA
90,51,23,NA
90,23,24,NA
90,24,57,NA
90,57,21,NA
90,21,55,NA
90,55,85,NA
90,85,75,NA
90,75,88,NA
90,88,22,NA
90,22,30,NA
90,30,96,NA
90,96,86,NA
90,86,34,NA
90,34,36,NA
90,36,84,NA
90,84,52,NA
90,NA,NA,LoopEnd
49,NA,NA,IN
49,50,50,NA
49,NA,NA,LoopEnd
92,NA,NA,IN
92,36,84,NA
92,84,52,NA
92,52,73,NA
92,73,3,NA
92,3,89,NA
92,89,47,NA
92,47,28,NA
92,28,93,NA
92,93,87,NA
92,87,70,NA
92,70,81,NA
92,81,53,NA
92,53,92,OUT
12,NA,NA,IN
12,77,80,NA
12,80,12,OUT
95,NA,NA,IN
95,95,62,NA
95,62,51,NA
95,51,23,NA
95,23,24,NA
95,24,57,NA
95,57,21,NA
95,21,55,NA
95,55,85,NA
95,85,75,NA
95,75,88,NA
95,88,22,NA
95,22,30,NA
95,30,96,NA
95,96,86,NA
95,86,34,NA
95,34,36,NA
95,36,84,NA
95,84,52,NA
95,52,73,NA
95,73,3,NA
95,3,89,NA
95,89,47,NA
95,47,28,NA
95,28,93,NA
95,93,87,NA
95,87,70,NA
95,70,81,NA
95,81,53,NA
95,53,92,NA
95,92,59,NA
95,59,5,NA
95,5,68,NA
95,68,42,NA
95,42,69,NA
95,69,44,NA
95,44,37,NA
95,37,39,NA
95,39,16,NA
95,16,8,NA
95,8,0,NA
95,0,14,NA
95,14,76,NA
95,76,71,NA
95,71,95,OUT
4,NA,NA,IN
4,49,29,NA
4,29,79,NA
4,79,35,NA
4,35,77,NA
4,77,80,NA
4,80,12,NA
4,12,91,NA
4,91,13,NA
4,13,19,NA
4,19,46,NA
4,46,32,NA
4,32,20,NA
4,20,43,NA
4,43,54,NA
4,54,58,NA
4,58,11,NA
4,11,7,NA
4,7,1,NA
4,1,27,NA
4,27,94,NA
4,94,38,NA
4,38,78,NA
4,78,4,OUT
63,NA,NA,IN
63,26,17,NA
63,17,56,NA
63,56,48,NA
63,48,90,NA
63,90,26,NA
63,NA,NA,LoopEnd
9,NA,NA,IN
9,77,80,NA
9,80,12,NA
9,12,91,NA
9,91,13,NA
9,13,19,NA
9,19,46,NA
9,46,32,NA
9,32,20,NA
9,20,43,NA
9,43,54,NA
9,54,58,NA
9,58,11,NA
9,11,7,NA
9,7,1,NA
9,1,27,NA
9,27,94,NA
9,94,38,NA
9,38,78,NA
9,78,4,NA
9,4,98,NA
9,98,65,NA
9,65,72,NA
9,72,2,NA
9,2,82,NA
9,82,99,NA
9,99,15,NA
9,15,49,NA
9,49,29,NA
9,29,79,NA
9,79,35,NA
9,35,77,NA
9,NA,NA,LoopEnd
80,NA,NA,IN
80,6,74,NA
80,74,25,NA
80,25,60,NA
80,60,9,NA
80,9,45,NA
80,45,41,NA
80,41,33,NA
80,33,67,NA
80,67,97,NA
80,97,6,NA
80,NA,NA,LoopEnd
8,NA,NA,IN
8,3,89,NA
8,89,47,NA
8,47,28,NA
8,28,93,NA
8,93,87,NA
8,87,70,NA
8,70,81,NA
8,81,53,NA
8,53,92,NA
8,92,59,NA
8,59,5,NA
8,5,68,NA
8,68,42,NA
8,42,69,NA
8,69,44,NA
8,44,37,NA
8,37,39,NA
8,39,16,NA
8,16,8,OUT
83,NA,NA,IN
83,16,8,NA
83,8,0,NA
83,0,14,NA
83,14,76,NA
83,76,71,NA
83,71,95,NA
83,95,62,NA
83,62,51,NA
83,51,23,NA
83,23,24,NA
83,24,57,NA
83,57,21,NA
83,21,55,NA
83,55,85,NA
83,85,75,NA
83,75,88,NA
83,88,22,NA
83,22,30,NA
83,30,96,NA
83,96,86,NA
83,86,34,NA
83,34,36,NA
83,36,84,NA
83,84,52,NA
83,52,73,NA
83,73,3,NA
83,3,89,NA
83,89,47,NA
83,47,28,NA
83,28,93,NA
83,93,87,NA
83,87,70,NA
83,70,81,NA
83,81,53,NA
83,53,92,NA
83,92,59,NA
83,59,5,NA
83,5,68,NA
83,68,42,NA
83,42,69,NA
83,69,44,NA
83,44,37,NA
83,37,39,NA
83,39,16,NA
83,NA,NA,LoopEnd
64,NA,NA,IN
64,16,8,NA
64,8,0,NA
64,0,14,NA
64,14,76,NA
64,76,71,NA
64,71,95,NA
64,95,62,NA
64,62,51,NA
64,51,23,NA
64,23,24,NA
64,24,57,NA
64,57,21,NA
64,21,55,NA
64,55,85,NA
64,85,75,NA
64,75,88,NA
64,88,22,NA
64,22,30,NA
64,30,96,NA
64,96,86,NA
64,86,34,NA
64,34,36,NA
64,36,84,NA
64,84,52,NA
64,52,73,NA
64,73,3,NA
64,3,89,NA
64,89,47,NA
64,47,28,NA
64,28,93,NA
64,93,87,NA
64,87,70,NA
64,70,81,NA
64,81,53,NA
64,53,92,NA
64,92,59,NA
64,59,5,NA
64,5,68,NA
64,68,42,NA
64,42,69,NA
64,69,44,NA
64,44,37,NA
64,37,39,NA
64,39,16,NA
64,NA,NA,LoopEnd
94,NA,NA,IN
94,42,69,NA
94,69,44,NA
94,44,37,NA
94,37,39,NA
94,39,16,NA
94,16,8,NA
94,8,0,NA
94,0,14,NA
94,14,76,NA
94,76,71,NA
94,71,95,NA
94,95,62,NA
94,62,51,NA
94,51,23,NA
94,23,24,NA
94,24,57,NA
94,57,21,NA
94,21,55,NA
94,55,85,NA
94,85,75,NA
94,75,88,NA
94,88,22,NA
94,22,30,NA
94,30,96,NA
94,96,86,NA
94,86,34,NA
94,34,36,NA
94,36,84,NA
94,84,52,NA
94,52,73,NA
94,73,3,NA
94,3,89,NA
94,89,47,NA
94,47,28,NA
94,28,93,NA
94,93,87,NA
94,87,70,NA
94,70,81,NA
94,81,53,NA
94,53,92,NA
94,92,59,NA
94,59,5,NA
94,5,68,NA
94,68,42,NA
94,NA,NA,LoopEnd
84,NA,NA,IN
84,20,43,NA
84,43,54,NA
84,54,58,NA
84,58,11,NA
84,11,7,NA
84,7,1,NA
84,1,27,NA
84,27,94,NA
84,94,38,NA
84,38,78,NA
84,78,4,NA
84,4,98,NA
84,98,65,NA
84,65,72,NA
84,72,2,NA
84,2,82,NA
84,82,99,NA
84,99,15,NA
84,15,49,NA
84,49,29,NA
84,29,79,NA
84,79,35,NA
84,35,77,NA
84,77,80,NA
84,80,12,NA
84,12,91,NA
84,91,13,NA
84,13,19,NA
84,19,46,NA
84,46,32,NA
84,32,20,NA
84,NA,NA,LoopEnd
43,NA,NA,IN
43,99,15,NA
43,15,49,NA
43,49,29,NA
43,29,79,NA
43,79,35,NA
43,35,77,NA
43,77,80,NA
43,80,12,NA
43,12,91,NA
43,91,13,NA
43,13,19,NA
43,19,46,NA
43,46,32,NA
43,32,20,NA
43,20,43,OUT
11,NA,NA,IN
11,4,98,NA
11,98,65,NA
11,65,72,NA
11,72,2,NA
11,2,82,NA
11,82,99,NA
11,99,15,NA
11,15,49,NA
11,49,29,NA
11,29,79,NA
11,79,35,NA
11,35,77,NA
11,77,80,NA
11,80,12,NA
11,12,91,NA
11,91,13,NA
11,13,19,NA
11,19,46,NA
11,46,32,NA
11,32,20,NA
11,20,43,NA
11,43,54,NA
11,54,58,NA
11,58,11,OUT
48,NA,NA,IN
48,54,58,NA
48,58,11,NA
48,11,7,NA
48,7,1,NA
48,1,27,NA
48,27,94,NA
48,94,38,NA
48,38,78,NA
48,78,4,NA
48,4,98,NA
48,98,65,NA
48,65,72,NA
48,72,2,NA
48,2,82,NA
48,82,99,NA
48,99,15,NA
48,15,49,NA
48,49,29,NA
48,29,79,NA
48,79,35,NA
48,35,77,NA
48,77,80,NA
48,80,12,NA
48,12,91,NA
48,91,13,NA
48,13,19,NA
48,19,46,NA
48,46,32,NA
48,32,20,NA
48,20,43,NA
48,43,54,NA
48,NA,NA,LoopEnd
69,NA,NA,IN
69,26,17,NA
69,17,56,NA
69,56,48,NA
69,48,90,NA
69,90,26,NA
69,NA,NA,LoopEnd
44,NA,NA,IN
44,2,82,NA
44,82,99,NA
44,99,15,NA
44,15,49,NA
44,49,29,NA
44,29,79,NA
44,79,35,NA
44,35,77,NA
44,77,80,NA
44,80,12,NA
44,12,91,NA
44,91,13,NA
44,13,19,NA
44,19,46,NA
44,46,32,NA
44,32,20,NA
44,20,43,NA
44,43,54,NA
44,54,58,NA
44,58,11,NA
44,11,7,NA
44,7,1,NA
44,1,27,NA
44,27,94,NA
44,94,38,NA
44,38,78,NA
44,78,4,NA
44,4,98,NA
44,98,65,NA
44,65,72,NA
44,72,2,NA
44,NA,NA,LoopEnd
61,NA,NA,IN
61,50,50,NA
61,NA,NA,LoopEnd
62,NA,NA,IN
62,76,71,NA
62,71,95,NA
62,95,62,OUT
71,NA,NA,IN
71,49,29,NA
71,29,79,NA
71,79,35,NA
71,35,77,NA
71,77,80,NA
71,80,12,NA
71,12,91,NA
71,91,13,NA
71,13,19,NA
71,19,46,NA
71,46,32,NA
71,32,20,NA
71,20,43,NA
71,43,54,NA
71,54,58,NA
71,58,11,NA
71,11,7,NA
71,7,1,NA
71,1,27,NA
71,27,94,NA
71,94,38,NA
71,38,78,NA
71,78,4,NA
71,4,98,NA
71,98,65,NA
71,65,72,NA
71,72,2,NA
71,2,82,NA
71,82,99,NA
71,99,15,NA
71,15,49,NA
71,NA,NA,LoopEnd
7,NA,NA,IN
7,80,12,NA
7,12,91,NA
7,91,13,NA
7,13,19,NA
7,19,46,NA
7,46,32,NA
7,32,20,NA
7,20,43,NA
7,43,54,NA
7,54,58,NA
7,58,11,NA
7,11,7,OUT
75,NA,NA,IN
75,43,54,NA
75,54,58,NA
75,58,11,NA
75,11,7,NA
75,7,1,NA
75,1,27,NA
75,27,94,NA
75,94,38,NA
75,38,78,NA
75,78,4,NA
75,4,98,NA
75,98,65,NA
75,65,72,NA
75,72,2,NA
75,2,82,NA
75,82,99,NA
75,99,15,NA
75,15,49,NA
75,49,29,NA
75,29,79,NA
75,79,35,NA
75,35,77,NA
75,77,80,NA
75,80,12,NA
75,12,91,NA
75,91,13,NA
75,13,19,NA
75,19,46,NA
75,46,32,NA
75,32,20,NA
75,20,43,NA
75,NA,NA,LoopEnd
46,NA,NA,IN
46,91,13,NA
46,13,19,NA
46,19,46,OUT
